{
  "triggers": [
    {
      "type": "questlog:quest_complete",
      "total": 1,
      "quest": "questlog:quests/ghdax"
    },
    {
      "type": "questlog:quest_complete",
      "total": 1,
      "quest": "questlog:quests/vno5ya"
    }
  ],
  "objectives": [
    {
      "type": "questlog:item_craft",
      "total": 1,
      "item": "hexcasting:trinket",
      "display": {
        "name": "Make 1x Trinket",
        "icon": {
          "item": "hexcasting:trinket"
        }
      }
    }
  ],
  "rewards": [
    {
      "type": "questlog:item",
      "item": "hexcasting:trinket",
      "count": 2,
      "display": {
        "name": "2x Trinket",
        "icon": {
          "item": "hexcasting:trinket"
        }
      }
    }
  ],
  "display": {
    "title": "Rechargeable Hex Function",
    "description": "Make Trinket",
    "icon": {
      "item": "hexcasting:trinket"
    }
  }
}