{
  "triggers": [
    {
      "type": "questlog:item_obtain",
      "total": 1,
      "item": "create:electron_tube"
    },
    {
      "type": "questlog:item_obtain",
      "total": 1,
      "item": "create:brass_casing"
    }
  ],
  "objectives": [
    {
      "type": "questlog:item_craft",
      "total": 21,
      "item": "create:mechanical_crafter",
      "display": {
        "name": "Craft x21 mechanical crafters",
        "icon": {
          "item": "create:mechanical_crafter"
        }
      }
    }
  ],
  "rewards": [
    {
      "type": "questlog:item",
      "item": "create:andesite_alloy",
      "count": 12,
      "display": {
        "name": "12x andesite alloy",
        "icon": {
          "item": "create:andesite_alloy"
        }
      }
    }
  ],
  "display": {
    "title": "How do I even make this work",
    "description": "Mechanical crafters allow for bigger crafts than 3x3, the biggest being a 21 crafter wheel, so you will make these 21 crafters lmao",
    "icon": {
      "item": "create:mechanical_crafter"
    }
  }
}