{
  "triggers": [
    {
      "type": "questlog:quest_complete",
      "total": 1,
      "quest": "questlog:quests/r83tj7"
    }
  ],
  "objectives": [
    {
      "type": "questlog:item_obtain",
      "total": 1,
      "item": "hexcasting:directrix/redstone",
      "display": {
        "name": "Get a Mason directrix in your inventory",
        "icon": {
          "item": "hexcasting:directrix/redstone"
        }
      }
    }
  ],
  "rewards": [
    {
      "type": "questlog:experience",
      "experience": 5,
      "display": {
        "name": "5x Exp",
        "icon": {
          "item": "minecraft:experience_bottle"
        }
      }
    }
  ],
  "display": {
    "title": "Redstone hex Redirection",
    "description": "A Directrix is a spell circle device that can redirect a media wave, making it so different things happen, We will make a mason directrix, that redirects with redstone. Fun fact, the ambit (range) of a spell circle can be manipulated with a directrix, having slate that doesn't loop back on a directrix path that never gets reached still counts towards ambit. So doing an axiom around a zone gives you ambit over it!\nMake one!",
    "icon": {
      "item": "hexcasting:directrix/redstone"
    }
  }
}