{
  "triggers": [
    {
      "type": "questlog:entity_kill",
      "total": 1,
      "entity": "minecraft:squid"
    }
  ],
  "objectives": [
    {
      "type": "questlog:entity_kill",
      "total": 5,
      "entity": "minecraft:squid",
      "display": {
        "name": "Kill 5x squids",
        "icon": {
          "item": "mcda:squid_armor_helmet"
        }
      }
    }
  ],
  "rewards": [
    {
      "type": "questlog:item",
      "item": "chicken_roost:c_ink",
      "display": {
        "name": "1x Ink Chicken",
        "icon": {
          "item": "chicken_roost:c_ink"
        }
      }
    }
  ],
  "display": {
    "title": "ALL YOUR INK ARE BELONG TO US",
    "description": "squids are mortal enemies of chicken, murder 5 to harness their ink powers",
    "icon": {
      "item": "minecraft:ink_sac"
    }
  }
}