{
  "triggers": [
    {
      "type": "questlog:item_obtain",
      "total": 1,
      "item": "create:shaft"
    }
  ],
  "objectives": [
    {
      "type": "questlog:item_obtain",
      "total": 1,
      "item": "create:water_wheel",
      "display": {
        "name": "Craft 1x Water Wheel",
        "icon": {
          "item": "create:water_wheel"
        }
      }
    },
    {
      "type": "questlog:item_obtain",
      "total": 1,
      "item": "create:cogwheel",
      "display": {
        "name": "Craft 1x Cogwheel",
        "icon": {
          "item": "create:cogwheel"
        }
      }
    },
    {
      "type": "questlog:item_obtain",
      "total": 1,
      "item": "create:large_cogwheel",
      "display": {
        "name": "Craft 1x Large Cogwheel",
        "icon": {
          "item": "create:large_cogwheel"
        }
      }
    }
  ],
  "rewards": [],
  "display": {
    "title": "Wheeling out",
    "description": "Create machines need rotational energy to work. Make a water wheel, this can use the movement of water to harness some basic energy. Cogwheels can transport and speed up this rotational energy to make your machines faster, make a big and a small gear too so you can start trying it out",
    "icon": {
      "item": "create:water_wheel"
    }
  }
}