{
  "triggers": [
    {
      "type": "questlog:item_obtain",
      "total": 10,
      "item": "minecraft:shulker_shell"
    },
    {
      "type": "questlog:quest_complete",
      "total": 1,
      "quest": "questlog:quests/eezv3f"
    }
  ],
  "objectives": [
    {
      "type": "questlog:item_obtain",
      "total": 1,
      "item": "hexal:mediafied_storage",
      "display": {
        "name": "Make a mote nexus",
        "icon": {
          "item": "hexal:mediafied_storage"
        }
      }
    }
  ],
  "rewards": [
    {
      "type": "questlog:experience",
      "experience": 5,
      "display": {
        "name": "5x exp ",
        "icon": {
          "item": "minecraft:experience_bottle"
        }
      }
    }
  ],
  "display": {
    "title": "Obligatory gigantic storage system",
    "description": "while hex isn't one of those ultra techy mods, one of its add-ons gives us an amazing storage system. The mote nexus can be bound to (only one at a time) and individually access it's motes (slots)",
    "icon": {
      "item": "hexal:mediafied_storage"
    }
  }
}