{
  "triggers": [
    {
      "type": "questlog:quest_complete",
      "total": 1,
      "quest": "questlog:quests/udb1oe"
    },
    {
      "type": "questlog:quest_complete",
      "total": 1,
      "quest": "questlog:quests/fvh3vl"
    }
  ],
  "objectives": [
    {
      "type": "questlog:entity_kill",
      "total": 1,
      "entity": "archon:leven",
      "display": {
        "name": "Kill LEVEN",
        "icon": {
          "item": "archon:wave_crystal"
        }
      }
    }
  ],
  "rewards": [
    {
      "type": "questlog:experience",
      "experience": 5,
      "display": {
        "name": "5x exp",
        "icon": {
          "item": "minecraft:experience_bottle"
        }
      }
    }
  ],
  "display": {
    "title": "LEVEN!!!!",
    "description": "the third archon, summon it with kelp, pufferfish and 2x water essence",
    "icon": {
      "item": "archon:wave_crystal"
    }
  }
}