{
  "triggers": [
    {
      "type": "questlog:quest_complete",
      "total": 1,
      "quest": "questlog:quests/vno5ya"
    },
    {
      "type": "questlog:item_obtain",
      "total": 1,
      "item": "hexcasting:edified_log"
    }
  ],
  "objectives": [
    {
      "type": "questlog:item_craft",
      "total": 1,
      "item": "hexcasting:abacus",
      "display": {
        "name": "Make an abacus",
        "icon": {
          "item": "hexcasting:abacus"
        }
      }
    }
  ],
  "rewards": [
    {
      "type": "questlog:item",
      "item": "hexcasting:charged_amethyst",
      "count": 5,
      "display": {
        "name": "5x Charged amethyst",
        "icon": {
          "item": "hexcasting:charged_amethyst"
        }
      }
    }
  ],
  "display": {
    "title": "I can count too yknow",
    "description": "an abacus can help you count ",
    "icon": {
      "item": "hexcasting:abacus"
    }
  }
}