{
  "triggers": [],
  "objectives": [
    {
      "type": "questlog:quest_complete",
      "total": 1,
      "quest": "questlog:quests/l0v9v",
      "display": {
        "name": "Become a Ridder Of Evil",
        "icon": {
          "item": "minecraft:dragon_egg"
        }
      }
    },
    {
      "type": "questlog:quest_complete",
      "total": 1,
      "quest": "questlog:quest/gdpv5",
      "display": {
        "name": "Travel to every Dimension"
      }
    }
  ],
  "rewards": [
    {
      "type": "questlog:item",
      "item": "mcda:gilded_glory_helmet",
      "display": {
        "name": "Gilded glory helmet",
        "icon": {
          "item": "mcda:gilded_glory_helmet"
        }
      }
    },
    {
      "type": "questlog:item",
      "item": "mcda:gilded_glory_chestplate",
      "display": {
        "name": "Gilded glory chestplate",
        "icon": {
          "item": "mcda:gilded_glory_chestplate"
        }
      }
    },
    {
      "type": "questlog:item",
      "item": "mcda:gilded_glory_leggings",
      "display": {
        "name": "Gilded glory leggings",
        "icon": {
          "item": "mcda:gilded_glory_leggings"
        }
      }
    },
    {
      "type": "questlog:item",
      "item": "mcda:gilded_glory_boots",
      "display": {
        "name": "Gilded glory boots",
        "icon": {
          "item": "mcda:gilded_glory_boots"
        }
      }
    }
  ],
  "display": {
    "title": "Greedmaxxing",
    "description": "You suddenly have the urge to acquire the fabled gilded glory armor set. However, it is given only to the mightiest heroes, you must become such hero to get it",
    "icon": {
      "item": "mcda:gilded_glory_helmet"
    }
  }
}