{
  "triggers": [
    {
      "type": "questlog:item_obtain",
      "total": 1,
      "item": "chicken_roost:c_vanilla"
    }
  ],
  "objectives": [
    {
      "type": "questlog:entity_kill",
      "total": 10,
      "entity": "minecraft:sheep",
      "display": {
        "name": "Kill 10x sheep",
        "icon": {
          "item": "minecraft:white_wool"
        }
      }
    }
  ],
  "rewards": [
    {
      "type": "questlog:item",
      "item": "chicken_roost:c_wool",
      "display": {
        "name": "1x wool chicken"
      }
    }
  ],
  "display": {
    "title": "WOOLY CHIRKEN",
    "description": "new advancement in chicken technology can now make you a chicken that grows wool. Sacrifice 10x sheep to get it",
    "icon": {
      "item": "minecraft:white_wool"
    }
  }
}