{
  "triggers": [
    {
      "type": "questlog:visit_dimension",
      "total": 1,
      "dimension": "minecraft:the_nether"
    },
    {
      "type": "questlog:item_obtain",
      "total": 1,
      "item": "chicken_roost:chicken_food_tier_2"
    }
  ],
  "objectives": [
    {
      "type": "questlog:entity_kill",
      "total": 5,
      "entity": "minecraft:blaze",
      "display": {
        "name": "Kill 5x Blaze",
        "icon": {
          "item": "minecraft:blaze_rod"
        }
      }
    },
    {
      "type": "questlog:entity_kill",
      "total": 40,
      "entity": "minecraft:zombified_piglin",
      "display": {
        "name": "Kill 40x Zombified Piglins",
        "icon": {
          "item": "minecraft:cooked_porkchop"
        }
      }
    },
    {
      "type": "questlog:visit_biome",
      "total": 1,
      "biome": "minecraft:basalt_deltas",
      "display": {
        "name": "Visit the basalt deltas",
        "icon": {
          "item": "minecraft:basalt"
        }
      }
    },
    {
      "type": "questlog:visit_biome",
      "total": 1,
      "biome": "minecraft:soul_sand_valley",
      "display": {
        "name": "Visit the soul sand valley"
      }
    },
    {
      "type": "questlog:entity_kill",
      "total": 1,
      "entity": "brut",
      "display": {
        "name": "Kill 1x Pigling brute",
        "icon": {
          "item": "minecraft:cooked_porkchop"
        }
      }
    }
  ],
  "rewards": [
    {
      "type": "questlog:item",
      "item": "chicken_roost:c_obsidian",
      "display": {
        "name": "1x Obsidian Chicken",
        "icon": {
          "item": "chicken_roost:c_netherrack"
        }
      }
    }
  ],
  "display": {
    "title": "CHICKEN OF THE NETHER",
    "description": "visit everything in the nether to get the corresponding chicken",
    "icon": {
      "item": "minecraft:netherrack"
    }
  }
}