{
  "triggers": [
    {
      "type": "questlog:visit_biome",
      "total": 1,
      "biome": "biomesoplenty:crystalline_chasm"
    },
    {
      "type": "questlog:item_obtain",
      "total": 1,
      "item": "create:rose_quartz"
    }
  ],
  "objectives": [
    {
      "type": "questlog:item_obtain",
      "total": 1,
      "item": "biomesoplenty:rose_quartz_block",
      "display": {
        "name": "Get 1x Rose Quartz Block (from biomes o plenty)",
        "icon": {
          "item": "biomesoplenty:rose_quartz_block"
        }
      }
    }
  ],
  "rewards": [
    {
      "type": "questlog:experience",
      "experience": 5,
      "display": {
        "name": "5x exp",
        "icon": {
          "item": "minecraft:experience_bottle"
        }
      }
    }
  ],
  "display": {
    "title": "we're rich! we're rich! we're rich!",
    "description": "far are the days of making rose quartz by hand. you can now harvest them directly!",
    "icon": {
      "item": "biomesoplenty:rose_quartz_block"
    }
  }
}