{
  "triggers": [
    {
      "type": "questlog:item_obtain",
      "total": 1,
      "item": "archon:summoning_pedestal"
    },
    {
      "type": "questlog:quest_complete",
      "total": 1,
      "quest": "questlog:quests/n0uy1"
    }
  ],
  "objectives": [
    {
      "type": "questlog:entity_kill",
      "total": 1,
      "entity": "archon:tar",
      "display": {
        "name": "Kill TAR",
        "icon": {
          "item": "archon:terranite_stone"
        }
      }
    }
  ],
  "rewards": [
    {
      "type": "questlog:experience",
      "experience": 5,
      "display": {
        "name": "5x exp",
        "icon": {
          "item": "minecraft:experience_bottle"
        }
      }
    }
  ],
  "display": {
    "title": "TAR!!!!",
    "description": "the first archon. to summon them, place:\n 2x earth essence,  a deepslate block and an emerald\non your summoning stand, make sure to be prepared!!!!!",
    "icon": {
      "item": "archon:terranite_stone"
    }
  }
}