{
  "triggers": [
    {
      "type": "questlog:item_obtain",
      "total": 1,
      "item": "minecraft:ender_pearl"
    }
  ],
  "objectives": [
    {
      "type": "questlog:item_obtain",
      "total": 1,
      "item": "endrem:cryptic_eye",
      "display": {
        "name": "Get the Cryptic Eye",
        "icon": {
          "item": "endrem:cryptic_eye"
        }
      }
    },
    {
      "type": "questlog:item_obtain",
      "total": 1,
      "item": "endrem:exotic_eye",
      "display": {
        "name": "Get the Exotic Eye",
        "icon": {
          "item": "endrem:exotic_eye"
        }
      }
    },
    {
      "type": "questlog:item_obtain",
      "total": 1,
      "item": "endrem:guardian_eye",
      "display": {
        "name": "Get the Guardian Eye",
        "icon": {
          "item": "endrem:guardian_eye"
        }
      }
    },
    {
      "type": "questlog:item_obtain",
      "total": 1,
      "item": "endrem:corrupted_eye",
      "display": {
        "name": "Get the Corrupted Eye",
        "icon": {
          "item": "endrem:corrupted_eye"
        }
      }
    },
    {
      "type": "questlog:item_obtain",
      "total": 1,
      "item": "endrem:rogue_eye",
      "display": {
        "name": "Get the Rogue Eye",
        "icon": {
          "item": "endrem:rogue_eye"
        }
      }
    },
    {
      "type": "questlog:item_obtain",
      "total": 1,
      "item": "endrem:nether_eye",
      "display": {
        "name": "Get the Nether Eye",
        "icon": {
          "item": "endrem:nether_eye"
        }
      }
    },
    {
      "type": "questlog:item_obtain",
      "total": 1,
      "item": "endrem:black_eye",
      "display": {
        "name": "Get the Black Eye",
        "icon": {
          "item": "endrem:black_eye"
        }
      }
    },
    {
      "type": "questlog:item_obtain",
      "total": 1,
      "item": "endrem:lost_eye",
      "display": {
        "name": "Get the Lost Eye",
        "icon": {
          "item": "endrem:lost_eye"
        }
      }
    },
    {
      "type": "questlog:item_obtain",
      "total": 1,
      "item": "endrem:old_eye",
      "display": {
        "name": "Get the Old Eye",
        "icon": {
          "item": "endrem:old_eye"
        }
      }
    },
    {
      "type": "questlog:item_obtain",
      "total": 1,
      "item": "endrem:magical_eye",
      "display": {
        "name": "Get the Magical Eye",
        "icon": {
          "item": "endrem:magical_eye"
        }
      }
    },
    {
      "type": "questlog:item_obtain",
      "total": 1,
      "item": "endrem:wither_eye",
      "display": {
        "name": "Get the Wither Eye",
        "icon": {
          "item": "endrem:wither_eye"
        }
      }
    },
    {
      "type": "questlog:item_obtain",
      "total": 1,
      "item": "endrem:cursed_eye",
      "display": {
        "name": "Get the Cursed Eye",
        "icon": {
          "item": "endrem:cursed_eye"
        }
      }
    }
  ],
  "rewards": [
    {
      "type": "questlog:experience",
      "experience": 5,
      "display": {
        "name": "exp",
        "icon": {
          "item": "minecraft:experience_bottle"
        }
      }
    }
  ],
  "display": {
    "title": "All this effort for the end!!!",
    "description": "Let's be honest, the end is a desolate place with not a lot of stuff : but it is imperative you go there for loot and bosses!\nyou will need 12 special eyes that are obtained around the world. They are also very useful items for end game crafting.",
    "icon": {
      "item": "minecraft:dragon_head"
    }
  }
}