{
  "triggers": [
    {
      "type": "questlog:item_obtain",
      "total": 1,
      "item": "minecraft:quartz"
    }
  ],
  "objectives": [
    {
      "type": "questlog:item_obtain",
      "total": 1,
      "item": "create:polished_rose_quartz",
      "display": {
        "name": "Make 1x Polished rose quartz",
        "icon": {
          "item": "create:polished_rose_quartz"
        }
      }
    }
  ],
  "rewards": [
    {
      "type": "questlog:item",
      "item": "create:iron_sheet",
      "display": {
        "name": "1x Iron sheet",
        "icon": {
          "item": "create:iron_sheet"
        }
      }
    }
  ],
  "display": {
    "title": "actually pink diamond",
    "description": "rose quartz, made from either crafting 1quartz and 8 redstone or by flattening rose quartz chunks from a red geode. can be polished with sandpaper. make a polished rose quartz (this is used for like 2 crafts btu 1 is very important you'll see next quest I swear)",
    "icon": {
      "item": "create:rose_quartz"
    }
  }
}