{
  "triggers": [
    {
      "type": "questlog:entity_approach",
      "total": 1,
      "entity": "minecraft:villager",
      "range": 20
    },
    {
      "type": "questlog:item_obtain",
      "total": 1,
      "item": "minecraft:enchanting_table"
    }
  ],
  "objectives": [
    {
      "type": "questlog:item_craft",
      "total": 1,
      "item": "minecraft:stick",
      "display": {
        "name": "craft a stick",
        "icon": {
          "item": "minecraft:stick"
        }
      }
    }
  ],
  "rewards": [
    {
      "type": "questlog:experience",
      "experience": 5,
      "display": {
        "name": "5x Exp",
        "icon": {
          "item": "minecraft:experience_bottle"
        }
      }
    }
  ],
  "display": {
    "title": "Big nosed enchanter huh?",
    "description": "looking like every single mad magician in the world, the enchanter (whose job block is the vanilla enchant table) can reroll your enchantments for some rare ones, WATCH OUT!! THIS SEALS IT NOT TO BE REROLLED OR ENCHANTED BY THE TABLES AGAIN\ncraft a stick to finish this quest",
    "icon": {
      "item": "minecraft:enchanting_table"
    }
  }
}