{
  "triggers": [
    {
      "type": "questlog:item_obtain",
      "total": 1,
      "item": "minecraft:feather"
    }
  ],
  "objectives": [
    {
      "type": "questlog:item_obtain",
      "total": 1,
      "item": "chicken_roost:chicken_stick",
      "display": {
        "name": "get chicken stick"
      }
    },
    {
      "type": "questlog:item_obtain",
      "total": 1,
      "item": "chicken_roost:c_vanilla",
      "display": {
        "name": "get vanilla chicken"
      }
    }
  ],
  "rewards": [
    {
      "type": "questlog:item",
      "item": "minecraft:composter",
      "count": 3,
      "display": {
        "name": "3x Composter"
      }
    }
  ],
  "display": {
    "title": "THE TERRIBLE CREATURES FROM CHICKEN ISLE",
    "description": "like the cryptids band says, the curse has fallen into the isle and the monstrous chickens can now be used for your resource automatizations. Make a chicken tool and click on a chicken to turn it into an item.",
    "icon": {
      "item": "minecraft:egg"
    }
  }
}