{
  "triggers": [
    {
      "type": "questlog:quest_complete",
      "total": 1,
      "quest": "questlog:quests/nbe3yw"
    },
    {
      "type": "questlog:item_obtain",
      "total": 1,
      "item": "minecraft:book"
    }
  ],
  "objectives": [
    {
      "type": "questlog:item_craft",
      "total": 1,
      "item": "hexcasting:spellbook",
      "display": {
        "name": "Make a spellbook",
        "icon": {
          "item": "hexcasting:spellbook"
        }
      }
    }
  ],
  "rewards": [
    {
      "type": "questlog:item",
      "item": "hexcasting:charged_amethyst",
      "count": 10,
      "display": {
        "name": "10x charged amethyst",
        "icon": {
          "item": "hexcasting:charged_amethyst"
        }
      }
    }
  ],
  "display": {
    "title": "A stack of Foci ! ",
    "description": "A spellbook is very useful! it can have up to 64 lists of patterns to use. <se aqqa>",
    "icon": {
      "item": "hexcasting:spellbook"
    }
  }
}