{
  "triggers": [
    {
      "type": "questlog:item_obtain",
      "total": 10,
      "item": "minecraft:glass"
    },
    {
      "type": "questlog:quest_complete",
      "total": 1,
      "quest": "questlog:quests/vno5ya"
    }
  ],
  "objectives": [
    {
      "type": "questlog:item_craft",
      "total": 1,
      "item": "hexcasting:lens",
      "display": {
        "name": "Make 1x Scrying lens",
        "icon": {
          "item": "hexcasting:lens"
        }
      }
    }
  ],
  "rewards": [
    {
      "type": "questlog:item",
      "item": "hexcasting:charged_amethyst",
      "count": 10,
      "display": {
        "name": "10x charged amethyst",
        "icon": {
          "item": "hexcasting:charged_amethyst"
        }
      }
    }
  ],
  "display": {
    "title": "Glasses of make Hex board bigger",
    "description": "Scrying lens",
    "icon": {
      "item": "hexcasting:lens"
    }
  }
}