{
  "triggers": [
    {
      "type": "questlog:item_obtain",
      "total": 1,
      "item": "create:mechanical_bearing"
    }
  ],
  "objectives": [
    {
      "type": "questlog:item_obtain",
      "total": 1,
      "item": "create:super_glue",
      "display": {
        "name": "Make super Glue",
        "icon": {
          "item": "create:super_glue"
        }
      }
    }
  ],
  "rewards": [
    {
      "type": "questlog:item",
      "count": 2,
      "item": "create:mechanical_saw",
      "display": {
        "name": "2 mechanical saws"
      }
    },
    {
      "type": "questlog:item",
      "item": "create:mechanical_harvester",
      "count": 2,
      "display": {
        "name": "2 mechanical harvester"
      }
    }
  ],
  "display": {
    "title": "Khaby lame contraption",
    "description": "contraptions make you able to automate tasks like woodcutting, harvesting and mining using the appropriate mechanical tools, contraptions are usually made with moving parts like bearing with casings glued onto it with glue and the tools on the casings, I can't really check that you made one but yeah that's how they work. Make some glue to finsih this quest",
    "icon": {
      "item": "create:mechanical_bearing"
    }
  }
}