{
  "triggers": [
    {
      "type": "questlog:item_obtain",
      "total": 1,
      "item": "archon:glisteel_ingot"
    }
  ],
  "objectives": [
    {
      "type": "questlog:item_obtain",
      "total": 1,
      "item": "archon:summoning_pedestal",
      "display": {
        "name": "Get 1x summoning pedestal",
        "icon": {
          "item": "archon:summoning_pedestal"
        }
      }
    }
  ],
  "rewards": [
    {
      "type": "questlog:experience",
      "experience": 5,
      "display": {
        "name": "5x exp",
        "icon": {
          "item": "minecraft:experience_bottle"
        }
      }
    }
  ],
  "display": {
    "title": "Kill everyone now! Condone first degree murder! Advocate cannibalism! Eat shite! ",
    "description": "the summoning of beings in this mod is made through archons summoning pedestal, make it now!!!",
    "icon": {
      "item": "archon:summoning_pedestal"
    }
  }
}