{
  "triggers": [
    {
      "type": "questlog:item_obtain",
      "total": 1,
      "item": "archon:grimoire"
    },
    {
      "type": "questlog:item_obtain",
      "total": 1,
      "item": "archon:fire_essence"
    }
  ],
  "objectives": [
    {
      "type": "questlog:item_obtain",
      "total": 1,
      "item": "archon:fire_wand",
      "display": {
        "name": "Get 1x fire wand",
        "icon": {
          "item": "archon:fire_wand"
        }
      }
    }
  ],
  "rewards": [
    {
      "type": "questlog:item",
      "item": "archon:fire_essence",
      "count": 3,
      "display": {
        "name": "3x fire essence",
        "icon": {
          "item": "archon:fire_essence"
        }
      }
    }
  ],
  "display": {
    "title": "Power of the FAYA",
    "description": "you uncovered a resource that let's you use fire spells from archon! fire essence! make a basic wand to start casting!",
    "icon": {
      "item": "archon:fire_essence"
    }
  }
}