{
  "triggers": [
    {
      "type": "questlog:item_obtain",
      "total": 1,
      "item": "create:brass_ingot"
    }
  ],
  "objectives": [
    {
      "type": "questlog:item_obtain",
      "total": 1,
      "item": "create:brass_casing",
      "display": {
        "name": "Make 1x Brass Casing",
        "icon": {
          "item": "create:brass_casing"
        }
      }
    }
  ],
  "rewards": [
    {
      "type": "questlog:item",
      "item": "create:brass_casing",
      "count": 4,
      "display": {
        "name": "4x Brass Casing",
        "icon": {
          "item": "create:brass_casing"
        }
      }
    }
  ],
  "display": {
    "title": "Case, Upper",
    "description": "make a brass casing, basis of most newer machines ",
    "icon": {
      "item": "create:brass_casing"
    }
  }
}