{
  "triggers": [
    {
      "type": "questlog:quest_complete",
      "total": 1,
      "quest": "questlog:quests/makepipes"
    }
  ],
  "objectives": [
    {
      "type": "questlog:item_obtain",
      "total": 2,
      "item": "create:copper_casing",
      "display": {
        "name": "Make 2x copper casings",
        "icon": {
          "item": "create:copper_casing"
        }
      }
    }
  ],
  "rewards": [
    {
      "type": "questlog:item",
      "item": "create:copper_casing",
      "count": 2,
      "display": {
        "name": "2x copper casings",
        "icon": {
          "item": "create:copper_casing"
        }
      }
    }
  ],
  "display": {
    "title": "Case, Coppah",
    "description": "copper casings are pretty cool! make some",
    "icon": {
      "item": "create:copper_casing"
    }
  }
}