{
  "triggers": [
    {
      "type": "questlog:item_craft",
      "total": 21,
      "item": "create:mechanical_crafter"
    }
  ],
  "objectives": [
    {
      "type": "questlog:item_obtain",
      "total": 2,
      "item": "create:crushing_wheel",
      "display": {
        "name": "Craft 2x Crushing wheels",
        "icon": {
          "item": "create:crushing_wheel"
        }
      }
    }
  ],
  "rewards": [
    {
      "type": "questlog:item",
      "item": "minecraft:raw_copper_block",
      "count": 3,
      "display": {
        "name": "3x blocks of raw copper",
        "icon": {
          "item": "minecraft:raw_copper_block"
        }
      }
    }
  ],
  "display": {
    "title": "Thicc thigh equivalent",
    "description": "As we are maidenless, we need something to crush our skulls with that doesn't require years of flirting. The perfect candidate is the crushing wheel, a more advanced version of the millstone that needs to be made in the 21x mechanical crafter.\nwith it you may crush ores to get experience nuggets and/or duplicate the amount of ore you would have gotten otherwise.\n",
    "icon": {
      "item": "create:crushing_wheel"
    }
  }
}