{
  "triggers": [
    {
      "type": "questlog:entity_death",
      "total": 1,
      "entity": "minecraft:zombie"
    }
  ],
  "objectives": [
    {
      "type": "questlog:entity_kill",
      "total": 100,
      "entity": "minecraft:zombie",
      "display": {
        "name": "Kill 100x zombies"
      }
    }
  ],
  "rewards": [
    {
      "type": "questlog:item",
      "item": "chicken_roost:c_rotten",
      "display": {
        "name": "1x zombie chicken",
        "icon": {
          "item": "chicken_roost:c_rotten"
        }
      }
    }
  ],
  "display": {
    "title": "THE ZOMBIES ARE COMING",
    "description": "you must kill 100x zombs to meet DR zomboss's new creation, THE ZOMBIE CHICKEN",
    "icon": {
      "item": "minecraft:egg"
    }
  }
}