{
  "triggers": [
    {
      "type": "questlog:quest_complete",
      "total": 1,
      "quest": "questlog:quests/8j65d"
    },
    {
      "type": "questlog:quest_complete",
      "total": 1,
      "quest": "questlog:quests/9g7k1r"
    },
    {
      "type": "questlog:quest_complete",
      "total": 1,
      "quest": "questlog:quests/30lff5"
    }
  ],
  "objectives": [
    {
      "type": "questlog:item_obtain",
      "total": 1,
      "item": "hexcasting:battery",
      "display": {
        "name": "get a phial",
        "icon": {
          "item": "hexcasting:battery"
        }
      }
    }
  ],
  "rewards": [
    {
      "type": "questlog:experience",
      "experience": 5,
      "display": {
        "name": "5x exp",
        "icon": {
          "item": "minecraft:experience_bottle"
        }
      }
    }
  ],
  "display": {
    "title": "Stop wasting stuff now!",
    "description": "You can craft phials to store more media. However for that you need to be enlightened. for this just remember, that when you don't pay nature her amethyst, she will still take something from you. test her limits in one single spell and survive.\nnow just cast craft phials with a number of amethyst and an empty bottle in the stack",
    "icon": {
      "item": "hexcasting:battery"
    }
  }
}