{
  "triggers": [
    {
      "type": "questlog:item_obtain",
      "total": 16,
      "item": "minecraft:chorus_fruit"
    },
    {
      "type": "questlog:visit_dimension",
      "total": 1,
      "dimension": "minecraft:the_end"
    }
  ],
  "objectives": [
    {
      "type": "questlog:item_obtain",
      "total": 64,
      "item": "minecraft:ender_pearl",
      "display": {
        "name": "Get 64x ender pearls",
        "icon": {
          "item": "minecraft:ender_pearl"
        }
      }
    },
    {
      "type": "questlog:item_obtain",
      "total": 64,
      "item": "minecraft:apple",
      "display": {
        "name": "Get 64x apple",
        "icon": {
          "item": "minecraft:apple"
        }
      }
    }
  ],
  "rewards": [
    {
      "type": "questlog:item",
      "item": "chicken_roost:c_chorusfruit",
      "display": {
        "name": "1x Chorus Fruit Chicken",
        "icon": {
          "item": "chicken_roost:c_chorusfruit"
        }
      }
    }
  ],
  "display": {
    "title": "TELEPORTATION DAMN!!!!!!!!",
    "description": "one legged chicken says get 64x ender pearls and get 64x apples ",
    "icon": {
      "item": "minecraft:chorus_fruit"
    }
  }
}