{
  "triggers": [
    {
      "type": "questlog:quest_complete",
      "total": 1,
      "quest": "questlog:quests/trains"
    }
  ],
  "objectives": [
    {
      "type": "questlog:item_craft",
      "total": 2,
      "item": "create:railway_casing",
      "display": {
        "name": "Make 2x Train casing",
        "icon": {
          "item": "create:railway_casing"
        }
      }
    }
  ],
  "rewards": [
    {
      "type": "questlog:item",
      "item": "create:railway_casing",
      "count": 2,
      "display": {
        "name": "2x train casings",
        "icon": {
          "item": "create:railway_casing"
        }
      }
    }
  ],
  "display": {
    "title": "case, Choo Choo!!!!",
    "description": "train casings let you make train related Items!!!",
    "icon": {
      "item": "create:railway_casing"
    }
  }
}