{
  "triggers": [
    {
      "type": "questlog:quest_complete",
      "total": 1,
      "quest": "questlog:quests/makepipes"
    },
    {
      "type": "questlog:item_obtain",
      "total": 1,
      "item": "minecraft:barrel"
    }
  ],
  "objectives": [
    {
      "type": "questlog:item_craft",
      "total": 1,
      "item": "create:fluid_tank",
      "display": {
        "name": "Make 1x fluid tank",
        "icon": {
          "item": "create:fluid_tank"
        }
      }
    }
  ],
  "rewards": [
    {
      "type": "questlog:item",
      "item": "create:fluid_tank",
      "count": 3,
      "display": {
        "name": "3x fluid tanks",
        "icon": {
          "item": "create:fluid_tank"
        }
      }
    }
  ],
  "display": {
    "title": "Tardis style liquid stocking",
    "description": "have you ever noticed that fluid tanks can hold 8 buckets each despite a bucket being one cubic block of water? funny right? make a fluid tank for me please. (fun fact, you can merge tanks into a bigger one by putting them on a 2x2 or 3x3 grid on the ground)",
    "icon": {
      "item": "create:fluid_tank"
    }
  }
}