{
  "triggers": [
    {
      "type": "questlog:quest_complete",
      "total": 1,
      "quest": "questlog:quests/6o3t6e"
    },
    {
      "type": "questlog:quest_complete",
      "total": 1,
      "quest": "questlog:quests/wpt833"
    }
  ],
  "objectives": [
    {
      "type": "questlog:entity_kill",
      "total": 1,
      "entity": "archon:ayla",
      "display": {
        "name": "Kill AYLA",
        "icon": {
          "item": "archon:angelic_star"
        }
      }
    }
  ],
  "rewards": [
    {
      "type": "questlog:experience",
      "experience": 5,
      "display": {
        "name": "exp",
        "icon": {
          "item": "minecraft:experience_bottle"
        }
      }
    }
  ],
  "display": {
    "title": "AYLA!!!!",
    "description": "the second archon. to summon them, place:\n 2x sky essence, a feather and a gold block!\nbring projectiles cuz ts is hard\n",
    "icon": {
      "item": "archon:angelic_star"
    }
  }
}