{
  "triggers": [],
  "objectives": [
    {
      "type": "questlog:visit_dimension",
      "total": 1,
      "dimension": "minecraft:the_nether",
      "display": {
        "name": "Nether",
        "icon": {
          "item": "minecraft:netherrack"
        }
      }
    },
    {
      "type": "questlog:visit_dimension",
      "total": 1,
      "dimension": "minecraft:the_end",
      "display": {
        "name": "End",
        "icon": {
          "item": "minecraft:end_stone"
        }
      }
    },
    {
      "type": "questlog:visit_dimension",
      "total": 1,
      "dimension": "dimdoors:limbo",
      "display": {
        "name": "Limbo"
      }
    },
    {
      "type": "questlog:visit_dimension",
      "total": 1,
      "dimension": "dimdoors:personal_pockets",
      "display": {
        "name": "Personnal pocket"
      }
    },
    {
      "type": "questlog:visit_dimension",
      "total": 1,
      "dimension": "dimdoors:dungeon_pockets",
      "display": {
        "name": "Dimensionnal dungeon"
      }
    },
    {
      "type": "questlog:visit_dimension",
      "total": 1,
      "dimension": "oneironaut:noosphere",
      "display": {
        "name": "Noosphere",
        "icon": {
          "item": "oneironaut:shifting_pseudoamethyst"
        }
      }
    }
  ],
  "rewards": [
    {
      "type": "questlog:experience",
      "experience": 5,
      "display": {
        "name": "exp"
      }
    }
  ],
  "display": {
    "title": "Interdimensionnal Traveller!",
    "description": "Visit All dimensions",
    "icon": {
      "item": "minecraft:grass_block"
    }
  }
}