{
  "triggers": [
    {
      "type": "questlog:item_obtain",
      "total": 64,
      "item": "hexcasting:charged_amethyst"
    },
    {
      "type": "questlog:quest_complete",
      "total": 1,
      "quest": "questlog:quests/vno5ya"
    }
  ],
  "objectives": [
    {
      "type": "questlog:item_craft",
      "total": 1,
      "item": "hexcasting:cypher",
      "display": {
        "name": "Make 1 Cypher",
        "icon": {
          "item": "hexcasting:cypher"
        }
      }
    }
  ],
  "rewards": [
    {
      "type": "questlog:item",
      "item": "hexcasting:cypher",
      "count": 4,
      "display": {
        "name": "4x Cyphers",
        "icon": {
          "item": "hexcasting:cypher"
        }
      }
    }
  ],
  "display": {
    "title": "Disposable Hex Function",
    "description": "cypher bad boo make one",
    "icon": {
      "item": "hexcasting:cypher"
    }
  }
}