{
  "triggers": [
    {
      "type": "questlog:item_obtain",
      "total": 1,
      "item": "create:iron_sheet"
    }
  ],
  "objectives": [
    {
      "type": "questlog:item_obtain",
      "total": 1,
      "item": "create:mechanical_mixer",
      "display": {
        "name": "Craft 1x Mechanical Mixer",
        "icon": {
          "item": "create:mechanical_mixer"
        }
      }
    },
    {
      "type": "questlog:item_obtain",
      "total": 1,
      "item": "create:basin",
      "display": {
        "name": "Craft 1x Basin",
        "icon": {
          "item": "create:basin"
        }
      }
    }
  ],
  "rewards": [
    {
      "type": "questlog:item",
      "item": "create:andesite_alloy",
      "count": 5,
      "display": {
        "name": "5x andesite alloy",
        "icon": {
          "item": "create:andesite_alloy"
        }
      }
    }
  ],
  "display": {
    "title": "Sugar, Spice, and Everything Nice",
    "description": "You should now be able to make a mechanical mixer! It's used for special recipes and automated shapeless crafting. To mix items, you need to also get a basin, just like the press, it needs to be put with a space of 1 block in between. Craft both now to finish the quest! (hint for the next part: go to the nether!)",
    "icon": {
      "item": "create:mechanical_mixer"
    }
  }
}