{
  "triggers": [
    {
      "type": "questlog:item_obtain",
      "total": 1,
      "item": "mcde:runic_table"
    },
    {
      "type": "questlog:item_obtain",
      "total": 1,
      "item": "minecraft:crying_obsidian"
    }
  ],
  "objectives": [
    {
      "type": "questlog:item_obtain",
      "total": 1,
      "item": "enchantment_infusion:enchantment_infusion_table",
      "display": {
        "name": "Get 1x Enchantment Infusing table",
        "icon": {
          "item": "enchantment_infusion:enchantment_infusion_table"
        }
      }
    },
    {
      "type": "questlog:item_obtain",
      "total": 9,
      "item": "enchantment_infusion:enchantment_infusion_pedestal",
      "display": {
        "name": "Get 9x Enchantment Infusion pedestal",
        "icon": {
          "item": "enchantment_infusion:enchantment_infusion_pedestal"
        }
      }
    }
  ],
  "rewards": [
    {
      "type": "questlog:experience",
      "experience": 5,
      "display": {
        "name": "5x Exp",
        "icon": {
          "item": "minecraft:experience_bottle"
        }
      }
    }
  ],
  "display": {
    "title": "Actually so fast ya unbloody wizard !!!",
    "description": "to still give access to certain enchants and to enchant other tools, you can make an enchanting infuser. for this, you need to make a circle of pedestals around a table. make everything that's needed. :thumbs_up:",
    "icon": {
      "item": "enchantment_infusion:enchantment_infusion_table"
    }
  }
}