{
  "triggers": [
    {
      "type": "questlog:item_obtain",
      "total": 2,
      "item": "create:andesite_alloy"
    }
  ],
  "objectives": [
    {
      "type": "questlog:item_obtain",
      "total": 8,
      "item": "create:shaft",
      "display": {
        "name": "Craft 8x shafts",
        "icon": {
          "item": "create:shaft"
        }
      }
    }
  ],
  "rewards": [
    {
      "type": "questlog:experience",
      "experience": 2,
      "display": {
        "name": "2x Exp"
      }
    }
  ],
  "display": {
    "title": "Shaft? more like.. uh.. shaft~",
    "description": "Shafts can transport rotational energy and are the base for most of the create crafts. Craft some by making a \"stick\" of andesite alloy",
    "icon": {
      "item": "create:shaft"
    }
  }
}