{
  "triggers": [
    {
      "type": "questlog:item_obtain",
      "total": 1,
      "item": "minecraft:dried_kelp_block"
    },
    {
      "type": "questlog:quest_complete",
      "total": 1,
      "quest": "questlog:quests/makepipes"
    }
  ],
  "objectives": [
    {
      "type": "questlog:item_craft",
      "total": 1,
      "item": "create:hose_pulley",
      "display": {
        "name": "Make a hose pulley",
        "icon": {
          "item": "create:hose_pulley"
        }
      }
    }
  ],
  "rewards": [
    {
      "type": "questlog:item",
      "item": "create:fluid_pipe",
      "count": 12,
      "display": {
        "name": "12x fluid pipes",
        "icon": {
          "item": "create:fluid_pipe"
        }
      }
    }
  ],
  "display": {
    "title": "Covid pumping",
    "description": "you can pump stuff that is way lower than where your pipes are with a hose pulley. Also , if you have a big enough pool of lava (100k+ blocks). use rotational energy to make the hose go down.",
    "icon": {
      "item": "create:hose_pulley"
    }
  }
}