{
  "triggers": [
    {
      "type": "questlog:item_obtain",
      "total": 1,
      "item": "chicken_roost:chicken_food_tier_1"
    },
    {
      "type": "questlog:item_obtain",
      "total": 1,
      "item": "chicken_roost:roost__v1"
    }
  ],
  "objectives": [
    {
      "type": "questlog:item_obtain",
      "total": 1,
      "item": "chicken_roost:breeder",
      "display": {
        "name": "Get 1x breeder",
        "icon": {
          "item": "chicken_roost:breeder"
        }
      }
    }
  ],
  "rewards": [
    {
      "type": "questlog:item",
      "item": "chicken_roost:c_bone",
      "display": {
        "name": "1x Bone Chicken",
        "icon": {
          "item": "chicken_roost:c_bone"
        }
      }
    }
  ],
  "display": {
    "title": "REMEMBER WHO YOU ARE, BOK BOK!",
    "description": "the breeder allows you to get some new chickens through breeding, not all of them can be gotten this way from the very start, however quests will help us do this",
    "icon": {
      "item": "chicken_roost:breeder"
    }
  }
}