{
  "triggers": [
    {
      "type": "questlog:item_obtain",
      "total": 1,
      "item": "chicken_roost:c_vanilla"
    }
  ],
  "objectives": [
    {
      "type": "questlog:item_obtain",
      "total": 1,
      "item": "chicken_roost:roost__v1",
      "display": {
        "name": "Get 1x Roost",
        "icon": {
          "item": "chicken_roost:roost__v1"
        }
      }
    }
  ],
  "rewards": [
    {
      "type": "questlog:item",
      "item": "chicken_roost:roost__v1",
      "display": {
        "name": "1x roost"
      }
    }
  ],
  "display": {
    "title": "SHIT THEM MATERIALZ OUTTTTTTT",
    "description": "roosts can host chickens and make them give you a resource in exchange for seeds",
    "icon": {
      "item": "minecraft:egg"
    }
  }
}