{
  "triggers": [
    {
      "type": "questlog:item_obtain",
      "total": 1,
      "item": "create:andesite_casing"
    },
    {
      "type": "questlog:item_obtain",
      "total": 1,
      "item": "create:shaft"
    }
  ],
  "objectives": [
    {
      "type": "questlog:item_obtain",
      "total": 1,
      "item": "create:mechanical_press",
      "display": {
        "name": "Craft 1x mechanical press",
        "icon": {
          "item": "create:mechanical_press"
        }
      }
    },
    {
      "type": "questlog:item_obtain",
      "total": 1,
      "item": "create:depot",
      "display": {
        "name": "Craft 1x depot",
        "icon": {
          "item": "create:depot"
        }
      }
    },
    {
      "type": "questlog:item_obtain",
      "total": 1,
      "item": "create:iron_sheet",
      "display": {
        "name": "Make 1x Iron sheet"
      }
    }
  ],
  "rewards": [
    {
      "type": "questlog:item",
      "item": "minecraft:iron_ingot",
      "count": 3,
      "display": {
        "name": "3x Iron Ingots",
        "icon": {
          "item": "minecraft:iron_ingot"
        }
      }
    }
  ],
  "display": {
    "title": "CLANK! CLANK! CLANK!",
    "description": "Unlike our gooner associates, we do not have the pelvic force to flatten objects ourselves. However, technology has brought us a machine that can do just that! Make a mechanical press. This coupled with some rotational energy will allow us to flatten objects. To do that you will also need to craft a Depot to put the items on. \nUsing both of them, make a single iron sheet by putting an iron ingot in the depot and flattening it with the press on top (make sure there is a 1 block gap between both blocks for it to work)",
    "icon": {
      "item": "create:mechanical_press"
    }
  }
}