{
  "triggers": [
    {
      "type": "questlog:entity_death",
      "total": 1,
      "entity": "minecraft:skeleton"
    }
  ],
  "objectives": [
    {
      "type": "questlog:entity_kill",
      "total": 50,
      "entity": "minecraft:skeleton",
      "display": {
        "name": "Kill 50x Skeletons",
        "icon": {
          "item": "minecraft:skeleton_skull"
        }
      }
    }
  ],
  "rewards": [
    {
      "type": "questlog:item",
      "item": "chicken_roost:c_bone",
      "display": {
        "name": "1x Bone Chicken",
        "icon": {
          "item": "chicken_roost:c_bone"
        }
      }
    }
  ],
  "display": {
    "title": "CHIMKEN LOVE THEM BONEZ",
    "description": "TAKE REVENGE AND KILL BONEZ FOR BONEZ CHICKEN!!!!!!",
    "icon": {
      "item": "minecraft:bone"
    }
  }
}