{
  "triggers": [
    {
      "type": "questlog:item_obtain",
      "total": 6,
      "item": "minecraft:copper_ingot"
    },
    {
      "type": "questlog:quest_complete",
      "total": 1,
      "quest": "questlog:quests/tc4gqc"
    }
  ],
  "objectives": [
    {
      "type": "questlog:item_craft",
      "total": 12,
      "item": "create:fluid_pipe",
      "display": {
        "name": "Make 12x fluid pipes",
        "icon": {
          "item": "create:fluid_pipe"
        }
      }
    },
    {
      "type": "questlog:item_craft",
      "total": 2,
      "item": "create:mechanical_pump",
      "display": {
        "name": "make 2x mechanical pumps",
        "icon": {
          "item": "create:mechanical_pump"
        }
      }
    }
  ],
  "rewards": [
    {
      "type": "questlog:item",
      "item": "minecraft:copper_ingot",
      "count": 32,
      "display": {
        "name": "32x Copper ingots",
        "icon": {
          "item": "minecraft:copper_ingot"
        }
      }
    },
    {
      "type": "questlog:item",
      "item": "minecraft:water_bucket",
      "display": {
        "name": "Water bucket",
        "icon": {
          "item": "minecraft:water_bucket"
        }
      }
    },
    {
      "type": "questlog:item",
      "item": "minecraft:lava_bucket",
      "display": {
        "name": "Lava Bucket",
        "icon": {
          "item": "minecraft:lava_bucket"
        }
      }
    }
  ],
  "display": {
    "title": "Wet Coppah",
    "description": "fluid pipes can transport liquids. to move them in the direction you want, you will need to craft pumps as well.\n",
    "icon": {
      "item": "create:fluid_pipe"
    }
  }
}