{
  "triggers": [
    {
      "type": "questlog:item_obtain",
      "total": 1,
      "item": "minecraft:enchanting_table"
    }
  ],
  "objectives": [
    {
      "type": "questlog:item_obtain",
      "total": 1,
      "item": "mcde:runic_table",
      "display": {
        "name": "Craft 1x Runic table",
        "icon": {
          "item": "mcde:runic_table"
        }
      }
    }
  ],
  "rewards": [
    {
      "type": "questlog:experience",
      "experience": 5,
      "display": {
        "name": "5x Exp",
        "icon": {
          "item": "minecraft:experience_bottle"
        }
      }
    }
  ],
  "display": {
    "title": "Not so fast ya bloody wizard!",
    "description": "enchanting works a little differently in here, to balance it. it works kinda like mc dungeons, however you need to make a new table. it's just one enchanting table and an amethyst.",
    "icon": {
      "item": "minecraft:enchanting_table"
    }
  }
}