{
  "triggers": [
    {
      "type": "questlog:item_obtain",
      "total": 1,
      "item": "archon:grimoire"
    },
    {
      "type": "questlog:item_obtain",
      "total": 1,
      "item": "archon:earth_essence"
    }
  ],
  "objectives": [
    {
      "type": "questlog:item_obtain",
      "total": 1,
      "item": "archon:earth_wand",
      "display": {
        "name": "Make 1 earth wand",
        "icon": {
          "item": "archon:earth_wand"
        }
      }
    }
  ],
  "rewards": [
    {
      "type": "questlog:item",
      "item": "archon:earth_essence",
      "display": {
        "name": "3x earth essence",
        "icon": {
          "item": "archon:earth_essence"
        }
      }
    }
  ],
  "display": {
    "title": "Power of the URF",
    "description": "you uncovered a resource that let's you use earth spells from archon! earth essence! make a basic wand to start casting!",
    "icon": {
      "item": "archon:earth_essence"
    }
  }
}