{
  "triggers": [
    {
      "type": "questlog:item_obtain",
      "total": 1,
      "item": "create:zinc_ingot"
    },
    {
      "type": "questlog:item_obtain",
      "total": 1,
      "item": "minecraft:copper_ingot"
    },
    {
      "type": "questlog:item_obtain",
      "total": 1,
      "item": "create:mechanical_mixer"
    }
  ],
  "objectives": [
    {
      "type": "questlog:item_obtain",
      "total": 1,
      "item": "create:brass_ingot",
      "display": {
        "name": "Make 1x Brass Ingot",
        "icon": {
          "item": "create:brass_ingot"
        }
      }
    }
  ],
  "rewards": [
    {
      "type": "questlog:item",
      "item": "create:brass_ingot",
      "count": 3,
      "display": {
        "name": "3x brass ingots",
        "icon": {
          "item": "create:brass_ingot"
        }
      }
    }
  ],
  "display": {
    "title": "Brass passer is op in MVM",
    "description": "made out of copper and zinc in a heated mechanical mixer, brass is the next step towards create machinery",
    "icon": {
      "item": "create:brass_ingot"
    }
  }
}