{
  "triggers": [
    {
      "type": "questlog:quest_complete",
      "total": 1,
      "quest": "questlog:quests/z1af7"
    },
    {
      "type": "questlog:quest_complete",
      "total": 1,
      "quest": "questlog:quests/vno5ya"
    }
  ],
  "objectives": [
    {
      "type": "questlog:item_craft",
      "total": 1,
      "item": "hexcasting:focus",
      "display": {
        "name": "Craft 1x Focus",
        "icon": {
          "item": "hexcasting:focus"
        }
      }
    }
  ],
  "rewards": [
    {
      "type": "questlog:item",
      "item": "hexcasting:focus",
      "count": 2,
      "display": {
        "name": "2x focus",
        "icon": {
          "item": "hexcasting:focus"
        }
      }
    }
  ],
  "display": {
    "title": "A Real Hex Variable!",
    "description": "foci (plural of focus) are used to store an iota (so values like a position,entity or even a set of symbols).\nyou can put a value in a focus by writing Scribe's gambit (a G written from the center) and use it later by writing Scribe's Reflection (same but upside down) while holding the focus in your second hand.\nmake one ! as opposed to thought knots, these can be modified",
    "icon": {
      "item": "hexcasting:focus"
    }
  }
}