{
  "triggers": [
    {
      "type": "questlog:entity_kill",
      "total": 1,
      "entity": "minecraft:ghast"
    }
  ],
  "objectives": [
    {
      "type": "questlog:entity_kill",
      "total": 20,
      "entity": "minecraft:ghast",
      "display": {
        "name": "Kill 20x ghasts",
        "icon": {
          "item": "minecraft:ghast_tear"
        }
      }
    }
  ],
  "rewards": [
    {
      "type": "questlog:item",
      "item": "chicken_roost:c_ghasttear",
      "display": {
        "name": "1x ghast Chicken",
        "icon": {
          "item": "chicken_roost:c_ghasttear"
        }
      }
    }
  ],
  "display": {
    "title": "I'M CRINE WE CRODE",
    "description": "the chicken is sad :( :( :( :( KILL 20x MORE GHASTS IT'S MAKING THE CHICKEN SAD",
    "icon": {
      "item": "minecraft:ghast_tear"
    }
  }
}