{
  "triggers": [
    {
      "type": "questlog:item_obtain",
      "total": 1,
      "item": "chicken_roost:chicken_food_tier_1"
    }
  ],
  "objectives": [
    {
      "type": "questlog:item_obtain",
      "total": 1,
      "item": "chicken_roost:trainer",
      "display": {
        "name": "Make 1x trainer",
        "icon": {
          "item": "chicken_roost:trainer"
        }
      }
    }
  ],
  "rewards": [
    {
      "type": "questlog:item",
      "item": "chicken_roost:c_oakwood",
      "display": {
        "name": "1x Log Chicken",
        "icon": {
          "item": "chicken_roost:c_oakwood"
        }
      }
    }
  ],
  "display": {
    "title": "OILED UP AND EGGED UP",
    "description": "The chicken trainer can level up your chickens with seed so that they output more materials.",
    "icon": {
      "item": "chicken_roost:trainer"
    }
  }
}