{
  "triggers": [
    {
      "type": "questlog:entity_approach",
      "total": 1,
      "entity": "minecraft:bee",
      "range": 10
    }
  ],
  "objectives": [
    {
      "type": "questlog:block_mine",
      "total": 3,
      "block": "minecraft:bee_nest",
      "display": {
        "name": "Break 3 bee nests",
        "icon": {
          "item": "minecraft:bee_nest"
        }
      }
    }
  ],
  "rewards": [
    {
      "type": "questlog:item",
      "item": "chicken_roost:c_honeycomb",
      "display": {
        "name": "1x Honeycomb Chicken",
        "icon": {
          "item": "chicken_roost:c_honeycomb"
        }
      }
    }
  ],
  "display": {
    "title": "MMMH BEE CHICKENNEN",
    "description": "you must destroy your rival honeymakers to get a honeycomb chicken! break 3 bee's nests ",
    "icon": {
      "item": "minecraft:honeycomb_block"
    }
  }
}