{
  "triggers": [
    {
      "type": "questlog:item_obtain",
      "total": 1,
      "item": "create:electron_tube"
    }
  ],
  "objectives": [
    {
      "type": "questlog:item_obtain",
      "total": 1,
      "item": "create:deployer",
      "display": {
        "name": "Craft 1 Deployer",
        "icon": {
          "item": "create:deployer"
        }
      }
    }
  ],
  "rewards": [
    {
      "type": "questlog:experience",
      "experience": 2,
      "display": {
        "name": "2x Exp"
      }
    }
  ],
  "display": {
    "title": "Deploying! Deploying!",
    "description": "deployers can mimic player touch on items that are on depots or conveyor belts, good for automatization",
    "icon": {
      "item": "create:deployer"
    }
  }
}