{
  "triggers": [
    {
      "type": "questlog:item_obtain",
      "total": 1,
      "item": "archon:grimoire"
    }
  ],
  "objectives": [
    {
      "type": "questlog:item_obtain",
      "total": 1,
      "item": "archon:channeler",
      "display": {
        "name": "Make 1x Channeler",
        "icon": {
          "item": "archon:channeler"
        }
      }
    }
  ],
  "rewards": [
    {
      "type": "questlog:experience",
      "experience": 5,
      "display": {
        "name": "5x Exp",
        "icon": {
          "item": "minecraft:experience_bottle"
        }
      }
    }
  ],
  "display": {
    "title": "Mysterious conversion of items",
    "description": "The channeler is a good way to get custom resources. make it!",
    "icon": {
      "item": "archon:channeler"
    }
  }
}