{
  "triggers": [
    {
      "type": "questlog:item_obtain",
      "total": 16,
      "item": "minecraft:glowstone_dust"
    }
  ],
  "objectives": [
    {
      "type": "questlog:item_obtain",
      "total": 64,
      "item": "minecraft:glow_berries",
      "display": {
        "name": "Get 64x Glow berries",
        "icon": {
          "item": "minecraft:glow_berries"
        }
      }
    },
    {
      "type": "questlog:block_mine",
      "total": 256,
      "block": "minecraft:stone",
      "display": {
        "name": "Mine 256x stone",
        "icon": {
          "item": "minecraft:cobblestone"
        }
      }
    }
  ],
  "rewards": [
    {
      "type": "questlog:item",
      "item": "chicken_roost:c_glowstone",
      "display": {
        "name": "1x glowstone chicken",
        "icon": {
          "item": "chicken_roost:c_glowstone"
        }
      }
    }
  ],
  "display": {
    "title": "FAMOUSLY RADIOACTIVE",
    "description": "chickens that glow now we've seen it all now cmon wtf, get some stone (256x) and glow berries (64x) to get a totally tubular chicken",
    "icon": {
      "item": "minecraft:glowstone"
    }
  }
}