{
  "triggers": [
    {
      "type": "questlog:item_obtain",
      "total": 1,
      "item": "create:polished_rose_quartz"
    },
    {
      "type": "questlog:item_obtain",
      "total": 1,
      "item": "create:iron_sheet"
    }
  ],
  "objectives": [
    {
      "type": "questlog:item_obtain",
      "total": 1,
      "item": "create:electron_tube",
      "display": {
        "name": "Craft 1x electron tube",
        "icon": {
          "item": "create:electron_tube"
        }
      }
    }
  ],
  "rewards": [
    {
      "type": "questlog:item",
      "item": "create:electron_tube",
      "count": 2,
      "display": {
        "name": "2x Electron tubes",
        "icon": {
          "item": "create:electron_tube"
        }
      }
    }
  ],
  "display": {
    "title": "Yet another all purpose resource",
    "description": "A lot of subsequent machines need electron tubes to be crafted, made from a polished rose quartz and an iron sheet. ",
    "icon": {
      "item": "create:electron_tube"
    }
  }
}