{
  "triggers": [
    {
      "type": "questlog:item_obtain",
      "total": 1,
      "item": "hexcasting:edified_log"
    },
    {
      "type": "questlog:quest_complete",
      "total": 1,
      "quest": "questlog:quests/nbe3yw"
    }
  ],
  "objectives": [
    {
      "type": "questlog:item_craft",
      "total": 1,
      "item": "hexdebug:splicing_table",
      "display": {
        "name": "Make a splicing table",
        "icon": {
          "item": "hexdebug:splicing_table"
        }
      }
    }
  ],
  "rewards": [
    {
      "type": "questlog:experience",
      "experience": 5,
      "display": {
        "name": "5x exp",
        "icon": {
          "item": "minecraft:experience_bottle"
        }
      }
    }
  ],
  "display": {
    "title": "Splice this shit up!",
    "description": "The splicing table allows for easy editing of spell holding items, like focus for instance, you will need to poser it with amethyst and a new staff for it to work. Make one!",
    "icon": {
      "item": "hexdebug:splicing_table"
    }
  }
}