{
  "triggers": [
    {
      "type": "questlog:item_obtain",
      "total": 128,
      "item": "minecraft:cobbled_deepslate"
    },
    {
      "type": "questlog:item_obtain",
      "total": 64,
      "item": "minecraft:deepslate"
    },
    {
      "type": "questlog:quest_complete",
      "total": 1,
      "quest": "questlog:quests/eezv3f"
    }
  ],
  "objectives": [
    {
      "type": "questlog:item_obtain",
      "total": 1,
      "item": "hexcasting:impetus/redstone",
      "display": {
        "name": "get a cleric impetus in your inventory",
        "icon": {
          "item": "hexcasting:impetus/redstone"
        }
      }
    },
    {
      "type": "questlog:item_obtain",
      "total": 12,
      "item": "hexcasting:slate",
      "display": {
        "name": "Make 12x Blank slates",
        "icon": {
          "item": "hexcasting:slate"
        }
      }
    }
  ],
  "rewards": [
    {
      "type": "questlog:item",
      "item": "hexcasting:slate",
      "count": 30,
      "display": {
        "name": "30x blank slates",
        "icon": {
          "item": "hexcasting:slate"
        }
      }
    }
  ],
  "display": {
    "title": "Redstone hexxing!",
    "description": "Impeti can send a wave of media in slate spell circles (look in notebook to learn), you can inscribe singular symbols on blank slates to cast spell automatically for you. Make a cleric impetus (which activates with redstone) and some slate to start this amazing thing",
    "icon": {
      "item": "hexcasting:impetus/redstone"
    }
  }
}