{
  "triggers": [
    {
      "type": "questlog:entity_approach",
      "total": 1,
      "entity": "minecraft:elder_guardian",
      "range": 100
    }
  ],
  "objectives": [
    {
      "type": "questlog:entity_kill",
      "total": 3,
      "entity": "minecraft:elder_guardian",
      "display": {
        "name": "Kill 3x Elder Guardians"
      }
    }
  ],
  "rewards": [
    {
      "type": "questlog:item",
      "item": "chicken_roost:c_sponge",
      "display": {
        "name": "1x Sponge chicken"
      }
    }
  ],
  "display": {
    "title": "THIRSTY CHICKEN",
    "description": "uuuhhhhh yeah chicken eat watew now, Kill 3x elder guardian",
    "icon": {
      "item": "minecraft:sponge"
    }
  }
}