{
  "triggers": [
    {
      "type": "questlog:item_obtain",
      "total": 1,
      "item": "mcde:runic_table"
    }
  ],
  "objectives": [
    {
      "type": "questlog:item_obtain",
      "total": 1,
      "item": "mcde:roll_bench",
      "display": {
        "name": "Get 1x Roll Bench"
      }
    },
    {
      "type": "questlog:item_obtain",
      "total": 1,
      "item": "mcde:gilding_foundry",
      "display": {
        "name": "Get 1x Gilding Foundry"
      }
    }
  ],
  "rewards": [
    {
      "type": "questlog:experience",
      "experience": 5,
      "display": {
        "name": "5x Exp"
      }
    }
  ],
  "display": {
    "title": "Gild and reroll!",
    "description": "MCDE enchanting allows you to reroll your tool to have different enchantment and/or enchantment slots with a **Roll Bench** . You may also stop your enchantments from being changed by gilding the tool with a **Gilding Foundry**, this is the last step in making an enchanted thing with these tables and gives you an additionnal random enchantment that should be stronger. Now what if you could *infuse* your tools with more enchantment types through a certain *crying obsidian* table...",
    "icon": {
      "item": "mcde:roll_bench"
    }
  }
}