{
  "triggers": [
    {
      "type": "questlog:item_obtain",
      "total": 1,
      "item": "chicken_roost:c_bone"
    }
  ],
  "objectives": [
    {
      "type": "questlog:item_obtain",
      "total": 1,
      "item": "chicken_roost:chicken_food_tier_2",
      "display": {
        "name": "Get 1x tier 2 seeds",
        "icon": {
          "item": "chicken_roost:chicken_food_tier_2"
        }
      }
    }
  ],
  "rewards": [
    {
      "type": "questlog:item",
      "item": "chicken_roost:c_snow",
      "display": {
        "name": "1x Snow Chicken",
        "icon": {
          "item": "chicken_roost:c_snow"
        }
      }
    }
  ],
  "display": {
    "title": "2 STAR STREET VENDOR HOT DOGS",
    "description": "you probably have noticed that some chickens dont take in your seeds, that is because their tiers are higher than the one of your seeds. you can make better one by sacrificing lower tier chickens, \nAT TIER 7 YOU WILL RECEIVE THE DIAMOND CHICKEN (I think)",
    "icon": {
      "item": "chicken_roost:chicken_food_tier_2"
    }
  }
}