{
  "triggers": [
    {
      "type": "questlog:item_obtain",
      "total": 1,
      "item": "archon:grimoire"
    },
    {
      "type": "questlog:item_obtain",
      "total": 1,
      "item": "minecraft:ink_sac"
    }
  ],
  "objectives": [
    {
      "type": "questlog:item_obtain",
      "total": 1,
      "item": "archon:scripture_table",
      "display": {
        "name": "Get 1x Scripture Table",
        "icon": {
          "item": "archon:scripture_table"
        }
      }
    }
  ],
  "rewards": [
    {
      "type": "questlog:item",
      "item": "minecraft:book",
      "count": 5,
      "display": {
        "name": "5x books",
        "icon": {
          "item": "minecraft:book"
        }
      }
    }
  ],
  "display": {
    "title": "Make spellbooks!",
    "description": "the scripting table is for making spell books to learn good spells to use with wands",
    "icon": {
      "item": "archon:scripture_table"
    }
  }
}