{
  "triggers": [
    {
      "type": "questlog:quest_complete",
      "total": 1,
      "quest": "questlog:quests/0ij7ro"
    },
    {
      "type": "questlog:quest_complete",
      "total": 1,
      "quest": "questlog:quests/vno5ya"
    }
  ],
  "objectives": [
    {
      "type": "questlog:item_craft",
      "total": 1,
      "item": "hexcasting:artifact",
      "display": {
        "name": "Make 1x Artifact",
        "icon": {
          "item": "hexcasting:artifact"
        }
      }
    }
  ],
  "rewards": [
    {
      "type": "questlog:item",
      "item": "hexcasting:artifact",
      "display": {
        "name": "1x Artifact",
        "icon": {
          "item": "hexcasting:artifact"
        }
      }
    }
  ],
  "display": {
    "title": "Outsourced Hex Function",
    "description": "Good remake good ",
    "icon": {
      "item": "hexcasting:artifact"
    }
  }
}