{
  "triggers": [
    {
      "type": "questlog:quest_complete",
      "total": 1,
      "quest": "questlog:quests/makepipes"
    },
    {
      "type": "questlog:item_obtain",
      "total": 1,
      "item": "minecraft:dried_kelp"
    }
  ],
  "objectives": [
    {
      "type": "questlog:item_craft",
      "total": 1,
      "item": "create:spout",
      "display": {
        "name": "Make a spout",
        "icon": {
          "item": "create:spout"
        }
      }
    }
  ],
  "rewards": [
    {
      "type": "questlog:item",
      "item": "create:item_drain",
      "display": {
        "name": "1x item drain",
        "icon": {
          "item": "create:item_drain"
        }
      }
    }
  ],
  "display": {
    "title": "pee on items!",
    "description": "spouts can hold liquids and dispense them on items, very useful for sequenced crafting. Make one! You will receive an item drain, which can empty your buckets and other liquid holding stuff",
    "icon": {
      "item": "create:spout"
    }
  }
}