{
  "triggers": [
    {
      "type": "questlog:item_obtain",
      "total": 1,
      "item": "create:iron_sheet"
    }
  ],
  "objectives": [
    {
      "type": "questlog:item_obtain",
      "total": 1,
      "item": "create:encased_fan",
      "display": {
        "name": "Craft 1x Encased Fan",
        "icon": {
          "item": "create:encased_fan"
        }
      }
    }
  ],
  "rewards": [
    {
      "type": "questlog:item",
      "item": "minecraft:soul_sand",
      "display": {
        "name": "1x soul sand",
        "icon": {
          "item": "minecraft:soul_sand"
        }
      }
    }
  ],
  "display": {
    "title": "Bro think he ROFLcopter",
    "description": "Make an encased fan, useful for bulk processing things by placing different resources (water,fire,lava,soul fire...) in front of it and dropping the item in it's path ",
    "icon": {
      "item": "create:encased_fan"
    }
  }
}