{
  "triggers": [
    {
      "type": "questlog:item_obtain",
      "total": 2,
      "item": "minecraft:andesite"
    }
  ],
  "objectives": [
    {
      "type": "questlog:item_obtain",
      "total": 1,
      "item": "create:andesite_alloy",
      "display": {
        "name": "Craft 1x andesite alloy",
        "icon": {
          "item": "create:andesite_alloy"
        }
      }
    }
  ],
  "rewards": [
    {
      "type": "questlog:item",
      "item": "create:andesite_alloy",
      "count": 6,
      "display": {
        "name": "6x andesite alloy",
        "icon": {
          "item": "create:andesite_alloy"
        }
      }
    }
  ],
  "display": {
    "title": "Start Create-ing!",
    "description": "Andesite alloy is the first path to create, made from 2 andesite blocks and 2 iron nuggets in a 2x2 alternating grid",
    "icon": {
      "item": "create:wrench"
    }
  }
}