{
  "triggers": [
    {
      "type": "questlog:entity_approach",
      "total": 1,
      "entity": "minecraft:allay",
      "range": 10
    },
    {
      "type": "questlog:quest_complete",
      "total": 1,
      "quest": "questlog:quests/eezv3f"
    }
  ],
  "objectives": [
    {
      "type": "questlog:item_obtain",
      "total": 3,
      "item": "hexcasting:quenched_allay_shard",
      "display": {
        "name": "Get 3x quenched allay shards",
        "icon": {
          "item": "hexcasting:quenched_allay_shard"
        }
      }
    }
  ],
  "rewards": [
    {
      "type": "questlog:experience",
      "experience": 5,
      "display": {
        "name": "5x exp",
        "icon": {
          "item": "minecraft:experience_bottle"
        }
      }
    }
  ],
  "display": {
    "title": "That amethyst was thirsty as hell ",
    "description": "The mind of an allay can be put (flayed) into an amethyst block to make quenched allay blocks.\nthese have 3x the value of normal amethyst and you can break them to get shards which are an essential part of hex crafting. get some of those shards",
    "icon": {
      "item": "hexcasting:quenched_allay"
    }
  }
}