{
  "triggers": [
    {
      "type": "questlog:visit_dimension",
      "total": 1,
      "dimension": "minecraft:the_nether"
    },
    {
      "type": "questlog:item_obtain",
      "total": 1,
      "item": "create:mechanical_mixer"
    }
  ],
  "objectives": [
    {
      "type": "questlog:item_obtain",
      "total": 1,
      "item": "create:blaze_burner",
      "display": {
        "name": "Get 1x full blaze burner",
        "icon": {
          "item": "create:blaze_burner"
        }
      }
    }
  ],
  "rewards": [
    {
      "type": "questlog:item",
      "item": "minecraft:lava_bucket",
      "display": {
        "name": "1x Lava Bucket",
        "icon": {
          "item": "minecraft:lava_bucket"
        }
      }
    }
  ],
  "display": {
    "title": " I'm Hank Hill and this is Strickland Propane",
    "description": "The mechanical mixer can unlock more recipes if you find a way to heat it, thankfully the blaze burner is the perfect item to do that, however, you will need to catch a blaze from a spawner in a fortress. When placed, the blaze burner will need fuel to work. so yeah go do that!",
    "icon": {
      "item": "minecraft:blaze_egg"
    }
  }
}