{
  "triggers": [
    {
      "type": "questlog:entity_death",
      "total": 1,
      "entity": "minecraft:spider"
    }
  ],
  "objectives": [
    {
      "type": "questlog:entity_kill",
      "total": 50,
      "entity": "minecraft:spider",
      "display": {
        "name": "Kill 50x spiders",
        "icon": {
          "item": "minecraft:spider_eye"
        }
      }
    }
  ],
  "rewards": [
    {
      "type": "questlog:item",
      "item": "chicken_roost:c_string",
      "display": {
        "name": "1x string chicken",
        "icon": {
          "item": "chicken_roost:c_string"
        }
      }
    }
  ],
  "display": {
    "title": "CHICKENS WEARING STRINGS",
    "description": "spiders need to be eradicated as the main source of string! kill 50x spiders to get a new amazing stringmaking chicken",
    "icon": {
      "item": "minecraft:spider_eye"
    }
  }
}