{
  "triggers": [
    {
      "type": "questlog:quest_complete",
      "total": 1,
      "quest": "questlog:quests/crusher"
    },
    {
      "type": "questlog:quest_complete",
      "total": 1,
      "quest": "questlog:quests/spout"
    },
    {
      "type": "questlog:item_obtain",
      "total": 2,
      "item": "minecraft:obsidian"
    }
  ],
  "objectives": [
    {
      "type": "questlog:item_obtain",
      "total": 1,
      "item": "create:sturdy_sheet",
      "display": {
        "name": "Make 1x sturdy sheet",
        "icon": {
          "item": "create:sturdy_sheet"
        }
      }
    },
    {
      "type": "questlog:item_obtain",
      "total": 2,
      "item": "create:track",
      "display": {
        "name": "Make 2x train tracks",
        "icon": {
          "item": "create:track"
        }
      }
    }
  ],
  "rewards": [
    {
      "type": "questlog:item",
      "item": "create:track",
      "count": 14,
      "display": {
        "name": "14x train tracks",
        "icon": {
          "item": "create:track"
        }
      }
    }
  ],
  "display": {
    "title": "Time to TRAINZZZZZZ",
    "description": "trains are a funny thing with create, I don't know how to use them but make some tracks and sturdy sheets ",
    "icon": {
      "item": "create:track"
    }
  }
}