{
  "triggers": [
    {
      "type": "questlog:item_obtain",
      "total": 1,
      "item": "archon:grimoire"
    },
    {
      "type": "questlog:item_obtain",
      "total": 1,
      "item": "archon:water_essence"
    }
  ],
  "objectives": [
    {
      "type": "questlog:item_obtain",
      "total": 1,
      "item": "archon:water_wand",
      "display": {
        "name": "Get 1x water wand",
        "icon": {
          "item": "archon:water_wand"
        }
      }
    }
  ],
  "rewards": [
    {
      "type": "questlog:item",
      "item": "archon:water_essence",
      "count": 3,
      "display": {
        "name": "3x water essence",
        "icon": {
          "item": "archon:water_essence"
        }
      }
    }
  ],
  "display": {
    "title": "Power of the WADEW",
    "description": "you uncovered a resource that let's you use water spells from archon! water essence! make a basic wand to start casting!",
    "icon": {
      "item": "archon:water_essence"
    }
  }
}