{
  "triggers": [
    {
      "type": "questlog:item_obtain",
      "total": 1,
      "item": "hexcasting:amethyst_dust"
    }
  ],
  "objectives": [
    {
      "type": "questlog:item_craft",
      "total": 1,
      "item": "hexcasting:staff/oak",
      "display": {
        "name": "Make an oak staff"
      }
    }
  ],
  "rewards": [
    {
      "type": "questlog:experience",
      "experience": 5,
      "display": {
        "name": "5x Exp",
        "icon": {
          "item": "minecraft:experience_bottle"
        }
      }
    }
  ],
  "display": {
    "title": "Are you sure you want to hex?",
    "description": "hex casting is an insanely complicated mod, I will not be able to help you a lot in this questline. I recommend you watch tutorials online OR READ THE HEX NOTEBOOK THOUROUGHLY to see how it works.\nThis mod however is amazing as it is basically a programming language for spells. make an oak Staff to start the hexxing questline! (you can put any staff in the table to turn it into an oak one btw).",
    "icon": {
      "item": "hexcasting:lore_fragment"
    }
  }
}