{
  "triggers": [
    {
      "type": "questlog:item_obtain",
      "total": 1,
      "item": "hexcasting:amethyst_dust"
    }
  ],
  "objectives": [
    {
      "type": "questlog:item_craft",
      "total": 1,
      "item": "minecraft:stick",
      "display": {
        "name": "Complete Quest"
      }
    }
  ],
  "rewards": [
    {
      "type": "questlog:experience",
      "experience": 5,
      "display": {
        "name": "5x Exp",
        "icon": {
          "item": "minecraft:experience_bottle"
        }
      }
    }
  ],
  "display": {
    "title": "Are you sure you want to hex?",
    "description": "hex casting is an insanely complicated mod, I will not be able to help you a lot in this questline. I recommend you watch tutorials online to see how.\nThis mod however is amazing as it is basically a programming language for spells. make a grimoire to start hexxing!",
    "icon": {
      "item": "hexcasting:lore_fragment"
    }
  }
}