{
  "triggers": [
    {
      "type": "questlog:item_obtain",
      "total": 1,
      "item": "minecraft:lapis_lazuli"
    }
  ],
  "objectives": [
    {
      "type": "questlog:item_obtain",
      "total": 1,
      "item": "archon:grimoire",
      "display": {
        "name": "get 1x Grimoire",
        "icon": {
          "item": "archon:grimoire"
        }
      }
    }
  ],
  "rewards": [
    {
      "type": "questlog:item",
      "item": "minecraft:lapis_lazuli",
      "count": 5,
      "display": {
        "name": "5x lapis lazuli",
        "icon": {
          "item": "minecraft:lapis_lazuli"
        }
      }
    }
  ],
  "display": {
    "title": "Warframe archon hunt anyone?",
    "description": "archon is one of the main magic mods of this modpack, although more focused on combat. Craft its grimoire to start learning about it",
    "icon": {
      "item": "archon:grimoire"
    }
  }
}