{
  "triggers": [
    {
      "type": "questlog:item_obtain",
      "total": 1,
      "item": "create:mechanical_press"
    },
    {
      "type": "questlog:item_obtain",
      "total": 1,
      "item": "chicken_roost:c_vanilla"
    }
  ],
  "objectives": [
    {
      "type": "questlog:item_obtain",
      "total": 1,
      "item": "chicken_roost:chicken_essence_tier_1",
      "display": {
        "name": "Get 1x tier 1 soul",
        "icon": {
          "item": "chicken_roost:chicken_essence_tier_1"
        }
      }
    }
  ],
  "rewards": [
    {
      "type": "questlog:item",
      "item": "chicken_roost:c_snow",
      "display": {
        "name": "1x Snow Chicken",
        "icon": {
          "item": "chicken_roost:c_snow"
        }
      }
    }
  ],
  "display": {
    "title": "CHICKEN CRUSHRR",
    "description": "commit unimaginably painful torture to chickens by crushing them with a create press. get a tier 1's soul~",
    "icon": {
      "item": "create:mechanical_press"
    }
  }
}