{
  "triggers": [
    {
      "type": "questlog:item_obtain",
      "total": 1,
      "item": "archon:grimoire"
    },
    {
      "type": "questlog:item_obtain",
      "total": 1,
      "item": "archon:sky_essence"
    }
  ],
  "objectives": [
    {
      "type": "questlog:item_obtain",
      "total": 1,
      "item": "archon:sky_wand",
      "display": {
        "icon": {
          "item": "archon:sky_wand"
        },
        "name": "Get 1x Sky wand"
      }
    }
  ],
  "rewards": [
    {
      "type": "questlog:item",
      "item": "archon:sky_essence",
      "count": 3,
      "display": {
        "name": "3x sky essence",
        "icon": {
          "item": "archon:sky_essence"
        }
      }
    }
  ],
  "display": {
    "title": "Power of the SQAI",
    "description": "you uncovered a resource that let's you use sky spells from archon! sky essence! make a basic wand to start casting!",
    "icon": {
      "item": "archon:sky_essence"
    }
  }
}