{
  "triggers": [
    {
      "type": "questlog:item_obtain",
      "total": 1,
      "item": "chicken_roost:c_vanilla"
    }
  ],
  "objectives": [
    {
      "type": "questlog:item_obtain",
      "total": 1,
      "item": "chicken_roost:chicken_food_tier_1",
      "display": {
        "name": "Get 1x tier 1 seeds",
        "icon": {
          "item": "chicken_roost:chicken_food_tier_1"
        }
      }
    }
  ],
  "rewards": [
    {
      "type": "questlog:item",
      "item": "chicken_roost:c_stone",
      "display": {
        "name": "1x stone Chicken"
      }
    }
  ],
  "display": {
    "title": "HARVEST MY SOUL WHEAT",
    "description": "everything in the roost mod uses tiered seeds to work. to make it, you need to sacrifice a chicken in the crafting table",
    "icon": {
      "item": "chicken_roost:chicken_food_tier_1"
    }
  }
}