{
  "triggers": [
    {
      "type": "questlog:quest_complete",
      "total": 1,
      "quest": "questlog:quests/2hmf1"
    },
    {
      "type": "questlog:quest_complete",
      "total": 1,
      "quest": "questlog:quests/ciq2m"
    }
  ],
  "objectives": [
    {
      "type": "questlog:entity_kill",
      "total": 1,
      "entity": "archon:inigo",
      "display": {
        "name": "Kill INIGO",
        "icon": {
          "item": "archon:charred_eye"
        }
      }
    }
  ],
  "rewards": [
    {
      "type": "questlog:experience",
      "experience": 5,
      "display": {
        "name": "5x Exp",
        "icon": {
          "item": "minecraft:experience_bottle"
        }
      }
    }
  ],
  "display": {
    "title": "INIGO!!!",
    "description": "the fourth archon, summon it with magma cream, blaze powder and 2x fire essence",
    "icon": {
      "item": "archon:charred_eye"
    }
  }
}