{
  "triggers": [
    {
      "type": "questlog:entity_kill",
      "total": 1,
      "entity": "minecraft:wither"
    }
  ],
  "objectives": [
    {
      "type": "questlog:entity_kill",
      "total": 5,
      "entity": "minecraft:wither",
      "display": {
        "name": "Kill 5x withers",
        "icon": {
          "item": "minecraft:wither_skeleton_skull"
        }
      }
    }
  ],
  "rewards": [
    {
      "type": "questlog:item",
      "item": "chicken_roost:c_netherstar",
      "display": {
        "name": "1x Nether Star Chicken",
        "icon": {
          "item": "chicken_roost:c_netherstar"
        }
      }
    }
  ],
  "display": {
    "title": "DON'T HARM THE SUFFERING GOLEM CMON NOW",
    "description": "unfortunately you will have to harm like 5 more to get the chicken that can give you stars but cmon now at least build thema grave it's not easy to be born limbless and three headed",
    "icon": {
      "item": "minecraft:wither_skeleton_skull"
    }
  }
}