{
  "triggers": [
    {
      "type": "questlog:item_obtain",
      "total": 1,
      "item": "create:andesite_alloy"
    }
  ],
  "objectives": [
    {
      "type": "questlog:item_obtain",
      "total": 1,
      "item": "create:andesite_casing",
      "display": {
        "name": "Pick up 1x Andesite Casing",
        "icon": {
          "item": "create:andesite_casing"
        }
      }
    }
  ],
  "rewards": [
    {
      "type": "questlog:item",
      "item": "create:andesite_casing",
      "count": 3,
      "display": {
        "name": "3x Andesite casing",
        "icon": {
          "item": "create:andesite_casing"
        }
      }
    }
  ],
  "display": {
    "title": "Case, Lower",
    "description": "Andesite casings are also one of the most important crafting materials in create. To make one, strip a placed log with an axe (right click on it) and use an andesite alloy on the stripped log, break it and pick it up to finish this quest",
    "icon": {
      "item": "create:andesite_casing"
    }
  }
}