{
  "triggers": [
    {
      "type": "questlog:item_obtain",
      "total": 1,
      "item": "archon:grimoire"
    },
    {
      "type": "questlog:item_obtain",
      "total": 1,
      "item": "archon:end_essence"
    }
  ],
  "objectives": [
    {
      "type": "questlog:item_obtain",
      "total": 1,
      "item": "archon:end_wand",
      "display": {
        "name": "Get 1x End Wand",
        "icon": {
          "item": "archon:end_wand"
        }
      }
    }
  ],
  "rewards": [
    {
      "type": "questlog:item",
      "item": "archon:end_essence",
      "count": 3,
      "display": {
        "name": "3x end essence",
        "icon": {
          "item": "archon:end_essence"
        }
      }
    }
  ],
  "display": {
    "title": "Power of the HENNED",
    "description": "you uncovered a resource that let's you use end spells from archon! end essence! make a basic wand to start casting!",
    "icon": {
      "item": "archon:end_essence"
    }
  }
}