{
  "triggers": [
    {
      "type": "questlog:item_obtain",
      "total": 1,
      "item": "chicken_roost:c_vanilla"
    },
    {
      "type": "questlog:item_obtain",
      "total": 3,
      "item": "minecraft:leather"
    }
  ],
  "objectives": [
    {
      "type": "questlog:entity_kill",
      "total": 10,
      "entity": "minecraft:cow",
      "display": {
        "name": "Kill 10x cows",
        "icon": {
          "item": "minecraft:beef"
        }
      }
    }
  ],
  "rewards": [
    {
      "type": "questlog:item",
      "item": "chicken_roost:c_leather",
      "display": {
        "name": "1x Leather Chicken",
        "icon": {
          "item": "chicken_roost:c_leather"
        }
      }
    }
  ],
  "display": {
    "title": "TOUGH SKIN ASS CHICKECEN",
    "description": "leather chicken! kill 10x cows ;p",
    "icon": {
      "item": "minecraft:leather"
    }
  }
}