{
  "triggers": [
    {
      "type": "questlog:item_obtain",
      "total": 1,
      "item": "chicken_roost:chicken_essence_tier_1"
    }
  ],
  "objectives": [
    {
      "type": "questlog:item_craft",
      "total": 1,
      "item": "minecraft:stick",
      "display": {
        "name": "Complete Quest",
        "icon": {
          "item": ""
        }
      }
    }
  ],
  "rewards": [
    {
      "type": "questlog:experience",
      "experience": 5,
      "display": {
        "name": "5x EXp",
        "icon": {
          "item": "minecraft:stick"
        }
      }
    }
  ],
  "display": {
    "title": "CHRICKMEN DUPING",
    "description": "now that you have a soul, you can duplicate a chicken with a mixer by putting the corresponding tier's soul with the chicken in the mixer. I can't check you duped a chicken so just craft a stick!",
    "icon": {
      "item": "create:mechanical_mixer"
    },
    "notification": {
      "toastOnComplete": false
    }
  }
}