{
  "triggers": [
    {
      "type": "questlog:quest_complete",
      "total": 1,
      "quest": "questlog:quests/vno5ya"
    },
    {
      "type": "questlog:entity_kill",
      "total": 15,
      "entity": "minecraft:spider"
    }
  ],
  "objectives": [
    {
      "type": "questlog:item_craft",
      "total": 1,
      "item": "hexcasting:thought_knot",
      "display": {
        "name": "Craft 1 thought knot",
        "icon": {
          "item": "hexcasting:thought_knot"
        }
      }
    }
  ],
  "rewards": [
    {
      "type": "questlog:item",
      "item": "hexcasting:thought_knot",
      "count": 5,
      "display": {
        "name": "4x thought knots",
        "icon": {
          "item": "hexcasting:thought_knot"
        }
      }
    }
  ],
  "display": {
    "title": "A Hex Constant Variable!",
    "description": "a thought knot is a permanent way of keeping an iota (a value of some sort). You cannot change it :/ make one still. you can put a value in a thought knot by writing Scribe's gambit (a G written from the center) and use it later by writing Scribe's Reflection (same but upside down) while holding it in your second hand.",
    "icon": {
      "item": "hexcasting:thought_knot"
    }
  }
}